--
-- PostgreSQL database dump
--

\restrict TIzO2b7zTregy9GWjZJJHSvpimkXyisxxj3NVhvpDzaxhZdfhEPKMdNmVSX5vCt

-- Dumped from database version 17.6 (Debian 17.6-0+deb13u1)
-- Dumped by pg_dump version 17.6 (Debian 17.6-0+deb13u1)

SET statement_timeout = 0;
SET lock_timeout = 0;
SET idle_in_transaction_session_timeout = 0;
SET transaction_timeout = 0;
SET client_encoding = 'UTF8';
SET standard_conforming_strings = on;
SELECT pg_catalog.set_config('search_path', '', false);
SET check_function_bodies = false;
SET xmloption = content;
SET client_min_messages = warning;
SET row_security = off;

--
-- Name: postgis; Type: EXTENSION; Schema: -; Owner: -
--

CREATE EXTENSION IF NOT EXISTS postgis WITH SCHEMA public;


--
-- Name: EXTENSION postgis; Type: COMMENT; Schema: -; Owner: 
--

COMMENT ON EXTENSION postgis IS 'PostGIS geometry and geography spatial types and functions';


SET default_tablespace = '';

SET default_table_access_method = heap;

--
-- Name: GeoInsightApp_career; Type: TABLE; Schema: public; Owner: vicemilla
--

CREATE TABLE public."GeoInsightApp_career" (
    id bigint NOT NULL,
    nombre character varying(200) NOT NULL,
    codigo character varying(20) NOT NULL,
    semester_id bigint NOT NULL
);


ALTER TABLE public."GeoInsightApp_career" OWNER TO vicemilla;

--
-- Name: GeoInsightApp_career_id_seq; Type: SEQUENCE; Schema: public; Owner: vicemilla
--

ALTER TABLE public."GeoInsightApp_career" ALTER COLUMN id ADD GENERATED BY DEFAULT AS IDENTITY (
    SEQUENCE NAME public."GeoInsightApp_career_id_seq"
    START WITH 1
    INCREMENT BY 1
    NO MINVALUE
    NO MAXVALUE
    CACHE 1
);


--
-- Name: GeoInsightApp_company; Type: TABLE; Schema: public; Owner: vicemilla
--

CREATE TABLE public."GeoInsightApp_company" (
    id bigint NOT NULL,
    nombre character varying(200) NOT NULL,
    direccion character varying(250) NOT NULL,
    ubicacion public.geometry(Point,4326) NOT NULL
);


ALTER TABLE public."GeoInsightApp_company" OWNER TO vicemilla;

--
-- Name: GeoInsightApp_company_id_seq; Type: SEQUENCE; Schema: public; Owner: vicemilla
--

ALTER TABLE public."GeoInsightApp_company" ALTER COLUMN id ADD GENERATED BY DEFAULT AS IDENTITY (
    SEQUENCE NAME public."GeoInsightApp_company_id_seq"
    START WITH 1
    INCREMENT BY 1
    NO MINVALUE
    NO MAXVALUE
    CACHE 1
);


--
-- Name: GeoInsightApp_course; Type: TABLE; Schema: public; Owner: vicemilla
--

CREATE TABLE public."GeoInsightApp_course" (
    id bigint NOT NULL,
    nombre character varying(200) NOT NULL,
    career_id bigint NOT NULL,
    semester_id bigint NOT NULL
);


ALTER TABLE public."GeoInsightApp_course" OWNER TO vicemilla;

--
-- Name: GeoInsightApp_course_id_seq; Type: SEQUENCE; Schema: public; Owner: vicemilla
--

ALTER TABLE public."GeoInsightApp_course" ALTER COLUMN id ADD GENERATED BY DEFAULT AS IDENTITY (
    SEQUENCE NAME public."GeoInsightApp_course_id_seq"
    START WITH 1
    INCREMENT BY 1
    NO MINVALUE
    NO MAXVALUE
    CACHE 1
);


--
-- Name: GeoInsightApp_evidence; Type: TABLE; Schema: public; Owner: vicemilla
--

CREATE TABLE public."GeoInsightApp_evidence" (
    id bigint NOT NULL,
    foto character varying(100) NOT NULL,
    descripcion text,
    tomado_en timestamp with time zone NOT NULL,
    estado character varying(20) NOT NULL,
    group_member_id bigint NOT NULL,
    visita_id bigint NOT NULL,
    en_geofence boolean NOT NULL,
    ubicacion_foto public.geometry(Point,4326),
    group_id integer
);


ALTER TABLE public."GeoInsightApp_evidence" OWNER TO vicemilla;

--
-- Name: GeoInsightApp_evidence_id_seq; Type: SEQUENCE; Schema: public; Owner: vicemilla
--

ALTER TABLE public."GeoInsightApp_evidence" ALTER COLUMN id ADD GENERATED BY DEFAULT AS IDENTITY (
    SEQUENCE NAME public."GeoInsightApp_evidence_id_seq"
    START WITH 1
    INCREMENT BY 1
    NO MINVALUE
    NO MAXVALUE
    CACHE 1
);


--
-- Name: GeoInsightApp_group; Type: TABLE; Schema: public; Owner: vicemilla
--

CREATE TABLE public."GeoInsightApp_group" (
    id bigint NOT NULL,
    nombre character varying(100) NOT NULL,
    section_id bigint NOT NULL
);


ALTER TABLE public."GeoInsightApp_group" OWNER TO vicemilla;

--
-- Name: GeoInsightApp_group_id_seq; Type: SEQUENCE; Schema: public; Owner: vicemilla
--

ALTER TABLE public."GeoInsightApp_group" ALTER COLUMN id ADD GENERATED BY DEFAULT AS IDENTITY (
    SEQUENCE NAME public."GeoInsightApp_group_id_seq"
    START WITH 1
    INCREMENT BY 1
    NO MINVALUE
    NO MAXVALUE
    CACHE 1
);


--
-- Name: GeoInsightApp_groupmember; Type: TABLE; Schema: public; Owner: vicemilla
--

CREATE TABLE public."GeoInsightApp_groupmember" (
    id bigint NOT NULL,
    group_id bigint NOT NULL,
    user_id integer NOT NULL
);


ALTER TABLE public."GeoInsightApp_groupmember" OWNER TO vicemilla;

--
-- Name: GeoInsightApp_groupmember_id_seq; Type: SEQUENCE; Schema: public; Owner: vicemilla
--

ALTER TABLE public."GeoInsightApp_groupmember" ALTER COLUMN id ADD GENERATED BY DEFAULT AS IDENTITY (
    SEQUENCE NAME public."GeoInsightApp_groupmember_id_seq"
    START WITH 1
    INCREMENT BY 1
    NO MINVALUE
    NO MAXVALUE
    CACHE 1
);


--
-- Name: GeoInsightApp_review; Type: TABLE; Schema: public; Owner: vicemilla
--

CREATE TABLE public."GeoInsightApp_review" (
    id bigint NOT NULL,
    validado boolean NOT NULL,
    comentarios text,
    fecha_revision timestamp with time zone NOT NULL,
    docente_id bigint NOT NULL,
    evidencia_id bigint NOT NULL,
    rechazada boolean NOT NULL
);


ALTER TABLE public."GeoInsightApp_review" OWNER TO vicemilla;

--
-- Name: GeoInsightApp_review_id_seq; Type: SEQUENCE; Schema: public; Owner: vicemilla
--

ALTER TABLE public."GeoInsightApp_review" ALTER COLUMN id ADD GENERATED BY DEFAULT AS IDENTITY (
    SEQUENCE NAME public."GeoInsightApp_review_id_seq"
    START WITH 1
    INCREMENT BY 1
    NO MINVALUE
    NO MAXVALUE
    CACHE 1
);


--
-- Name: GeoInsightApp_role; Type: TABLE; Schema: public; Owner: vicemilla
--

CREATE TABLE public."GeoInsightApp_role" (
    id bigint NOT NULL,
    name character varying(50) NOT NULL
);


ALTER TABLE public."GeoInsightApp_role" OWNER TO vicemilla;

--
-- Name: GeoInsightApp_role_id_seq; Type: SEQUENCE; Schema: public; Owner: vicemilla
--

ALTER TABLE public."GeoInsightApp_role" ALTER COLUMN id ADD GENERATED BY DEFAULT AS IDENTITY (
    SEQUENCE NAME public."GeoInsightApp_role_id_seq"
    START WITH 1
    INCREMENT BY 1
    NO MINVALUE
    NO MAXVALUE
    CACHE 1
);


--
-- Name: GeoInsightApp_section; Type: TABLE; Schema: public; Owner: vicemilla
--

CREATE TABLE public."GeoInsightApp_section" (
    id bigint NOT NULL,
    nombre character varying(50) NOT NULL,
    course_id bigint NOT NULL
);


ALTER TABLE public."GeoInsightApp_section" OWNER TO vicemilla;

--
-- Name: GeoInsightApp_section_docentes; Type: TABLE; Schema: public; Owner: vicemilla
--

CREATE TABLE public."GeoInsightApp_section_docentes" (
    id bigint NOT NULL,
    section_id bigint NOT NULL,
    userprofile_id bigint NOT NULL
);


ALTER TABLE public."GeoInsightApp_section_docentes" OWNER TO vicemilla;

--
-- Name: GeoInsightApp_section_docentes_id_seq; Type: SEQUENCE; Schema: public; Owner: vicemilla
--

ALTER TABLE public."GeoInsightApp_section_docentes" ALTER COLUMN id ADD GENERATED BY DEFAULT AS IDENTITY (
    SEQUENCE NAME public."GeoInsightApp_section_docentes_id_seq"
    START WITH 1
    INCREMENT BY 1
    NO MINVALUE
    NO MAXVALUE
    CACHE 1
);


--
-- Name: GeoInsightApp_section_estudiantes; Type: TABLE; Schema: public; Owner: vicemilla
--

CREATE TABLE public."GeoInsightApp_section_estudiantes" (
    id bigint NOT NULL,
    section_id bigint NOT NULL,
    userprofile_id bigint NOT NULL
);


ALTER TABLE public."GeoInsightApp_section_estudiantes" OWNER TO vicemilla;

--
-- Name: GeoInsightApp_section_estudiantes_id_seq; Type: SEQUENCE; Schema: public; Owner: vicemilla
--

ALTER TABLE public."GeoInsightApp_section_estudiantes" ALTER COLUMN id ADD GENERATED BY DEFAULT AS IDENTITY (
    SEQUENCE NAME public."GeoInsightApp_section_estudiantes_id_seq"
    START WITH 1
    INCREMENT BY 1
    NO MINVALUE
    NO MAXVALUE
    CACHE 1
);


--
-- Name: GeoInsightApp_section_id_seq; Type: SEQUENCE; Schema: public; Owner: vicemilla
--

ALTER TABLE public."GeoInsightApp_section" ALTER COLUMN id ADD GENERATED BY DEFAULT AS IDENTITY (
    SEQUENCE NAME public."GeoInsightApp_section_id_seq"
    START WITH 1
    INCREMENT BY 1
    NO MINVALUE
    NO MAXVALUE
    CACHE 1
);


--
-- Name: GeoInsightApp_semester; Type: TABLE; Schema: public; Owner: vicemilla
--

CREATE TABLE public."GeoInsightApp_semester" (
    id bigint NOT NULL,
    nombre character varying(50) NOT NULL,
    year_id bigint
);


ALTER TABLE public."GeoInsightApp_semester" OWNER TO vicemilla;

--
-- Name: GeoInsightApp_semester_id_seq; Type: SEQUENCE; Schema: public; Owner: vicemilla
--

ALTER TABLE public."GeoInsightApp_semester" ALTER COLUMN id ADD GENERATED BY DEFAULT AS IDENTITY (
    SEQUENCE NAME public."GeoInsightApp_semester_id_seq"
    START WITH 1
    INCREMENT BY 1
    NO MINVALUE
    NO MAXVALUE
    CACHE 1
);


--
-- Name: GeoInsightApp_userprofile; Type: TABLE; Schema: public; Owner: vicemilla
--

CREATE TABLE public."GeoInsightApp_userprofile" (
    id bigint NOT NULL,
    user_id integer NOT NULL,
    career_id bigint,
    semester_id bigint,
    email character varying(254)
);


ALTER TABLE public."GeoInsightApp_userprofile" OWNER TO vicemilla;

--
-- Name: GeoInsightApp_userprofile_id_seq; Type: SEQUENCE; Schema: public; Owner: vicemilla
--

ALTER TABLE public."GeoInsightApp_userprofile" ALTER COLUMN id ADD GENERATED BY DEFAULT AS IDENTITY (
    SEQUENCE NAME public."GeoInsightApp_userprofile_id_seq"
    START WITH 1
    INCREMENT BY 1
    NO MINVALUE
    NO MAXVALUE
    CACHE 1
);


--
-- Name: GeoInsightApp_userprofile_roles; Type: TABLE; Schema: public; Owner: vicemilla
--

CREATE TABLE public."GeoInsightApp_userprofile_roles" (
    id bigint NOT NULL,
    userprofile_id bigint NOT NULL,
    role_id bigint NOT NULL
);


ALTER TABLE public."GeoInsightApp_userprofile_roles" OWNER TO vicemilla;

--
-- Name: GeoInsightApp_userprofile_roles_id_seq; Type: SEQUENCE; Schema: public; Owner: vicemilla
--

ALTER TABLE public."GeoInsightApp_userprofile_roles" ALTER COLUMN id ADD GENERATED BY DEFAULT AS IDENTITY (
    SEQUENCE NAME public."GeoInsightApp_userprofile_roles_id_seq"
    START WITH 1
    INCREMENT BY 1
    NO MINVALUE
    NO MAXVALUE
    CACHE 1
);


--
-- Name: GeoInsightApp_visit; Type: TABLE; Schema: public; Owner: vicemilla
--

CREATE TABLE public."GeoInsightApp_visit" (
    id bigint NOT NULL,
    fecha_visita timestamp with time zone NOT NULL,
    nombre character varying(200) NOT NULL,
    descripcion text NOT NULL,
    ubicacion public.geometry(Point,4326) NOT NULL,
    creado_por_id bigint NOT NULL,
    geofence public.geometry(Polygon,4326)
);


ALTER TABLE public."GeoInsightApp_visit" OWNER TO vicemilla;

--
-- Name: GeoInsightApp_visit_id_seq; Type: SEQUENCE; Schema: public; Owner: vicemilla
--

ALTER TABLE public."GeoInsightApp_visit" ALTER COLUMN id ADD GENERATED BY DEFAULT AS IDENTITY (
    SEQUENCE NAME public."GeoInsightApp_visit_id_seq"
    START WITH 1
    INCREMENT BY 1
    NO MINVALUE
    NO MAXVALUE
    CACHE 1
);


--
-- Name: GeoInsightApp_visit_sections; Type: TABLE; Schema: public; Owner: vicemilla
--

CREATE TABLE public."GeoInsightApp_visit_sections" (
    id bigint NOT NULL,
    visit_id bigint NOT NULL,
    section_id bigint NOT NULL
);


ALTER TABLE public."GeoInsightApp_visit_sections" OWNER TO vicemilla;

--
-- Name: GeoInsightApp_visit_sections_id_seq; Type: SEQUENCE; Schema: public; Owner: vicemilla
--

ALTER TABLE public."GeoInsightApp_visit_sections" ALTER COLUMN id ADD GENERATED BY DEFAULT AS IDENTITY (
    SEQUENCE NAME public."GeoInsightApp_visit_sections_id_seq"
    START WITH 1
    INCREMENT BY 1
    NO MINVALUE
    NO MAXVALUE
    CACHE 1
);


--
-- Name: GeoInsightApp_year; Type: TABLE; Schema: public; Owner: vicemilla
--

CREATE TABLE public."GeoInsightApp_year" (
    id bigint NOT NULL,
    nombre character varying(20) NOT NULL,
    fecha_inicio date,
    fecha_fin date
);


ALTER TABLE public."GeoInsightApp_year" OWNER TO vicemilla;

--
-- Name: GeoInsightApp_year_id_seq; Type: SEQUENCE; Schema: public; Owner: vicemilla
--

ALTER TABLE public."GeoInsightApp_year" ALTER COLUMN id ADD GENERATED BY DEFAULT AS IDENTITY (
    SEQUENCE NAME public."GeoInsightApp_year_id_seq"
    START WITH 1
    INCREMENT BY 1
    NO MINVALUE
    NO MAXVALUE
    CACHE 1
);


--
-- Name: auth_group; Type: TABLE; Schema: public; Owner: vicemilla
--

CREATE TABLE public.auth_group (
    id integer NOT NULL,
    name character varying(150) NOT NULL
);


ALTER TABLE public.auth_group OWNER TO vicemilla;

--
-- Name: auth_group_id_seq; Type: SEQUENCE; Schema: public; Owner: vicemilla
--

ALTER TABLE public.auth_group ALTER COLUMN id ADD GENERATED BY DEFAULT AS IDENTITY (
    SEQUENCE NAME public.auth_group_id_seq
    START WITH 1
    INCREMENT BY 1
    NO MINVALUE
    NO MAXVALUE
    CACHE 1
);


--
-- Name: auth_group_permissions; Type: TABLE; Schema: public; Owner: vicemilla
--

CREATE TABLE public.auth_group_permissions (
    id bigint NOT NULL,
    group_id integer NOT NULL,
    permission_id integer NOT NULL
);


ALTER TABLE public.auth_group_permissions OWNER TO vicemilla;

--
-- Name: auth_group_permissions_id_seq; Type: SEQUENCE; Schema: public; Owner: vicemilla
--

ALTER TABLE public.auth_group_permissions ALTER COLUMN id ADD GENERATED BY DEFAULT AS IDENTITY (
    SEQUENCE NAME public.auth_group_permissions_id_seq
    START WITH 1
    INCREMENT BY 1
    NO MINVALUE
    NO MAXVALUE
    CACHE 1
);


--
-- Name: auth_permission; Type: TABLE; Schema: public; Owner: vicemilla
--

CREATE TABLE public.auth_permission (
    id integer NOT NULL,
    name character varying(255) NOT NULL,
    content_type_id integer NOT NULL,
    codename character varying(100) NOT NULL
);


ALTER TABLE public.auth_permission OWNER TO vicemilla;

--
-- Name: auth_permission_id_seq; Type: SEQUENCE; Schema: public; Owner: vicemilla
--

ALTER TABLE public.auth_permission ALTER COLUMN id ADD GENERATED BY DEFAULT AS IDENTITY (
    SEQUENCE NAME public.auth_permission_id_seq
    START WITH 1
    INCREMENT BY 1
    NO MINVALUE
    NO MAXVALUE
    CACHE 1
);


--
-- Name: auth_user; Type: TABLE; Schema: public; Owner: vicemilla
--

CREATE TABLE public.auth_user (
    id integer NOT NULL,
    password character varying(128) NOT NULL,
    last_login timestamp with time zone,
    is_superuser boolean NOT NULL,
    username character varying(150) NOT NULL,
    first_name character varying(150) NOT NULL,
    last_name character varying(150) NOT NULL,
    email character varying(254) NOT NULL,
    is_staff boolean NOT NULL,
    is_active boolean NOT NULL,
    date_joined timestamp with time zone NOT NULL
);


ALTER TABLE public.auth_user OWNER TO vicemilla;

--
-- Name: auth_user_groups; Type: TABLE; Schema: public; Owner: vicemilla
--

CREATE TABLE public.auth_user_groups (
    id bigint NOT NULL,
    user_id integer NOT NULL,
    group_id integer NOT NULL
);


ALTER TABLE public.auth_user_groups OWNER TO vicemilla;

--
-- Name: auth_user_groups_id_seq; Type: SEQUENCE; Schema: public; Owner: vicemilla
--

ALTER TABLE public.auth_user_groups ALTER COLUMN id ADD GENERATED BY DEFAULT AS IDENTITY (
    SEQUENCE NAME public.auth_user_groups_id_seq
    START WITH 1
    INCREMENT BY 1
    NO MINVALUE
    NO MAXVALUE
    CACHE 1
);


--
-- Name: auth_user_id_seq; Type: SEQUENCE; Schema: public; Owner: vicemilla
--

ALTER TABLE public.auth_user ALTER COLUMN id ADD GENERATED BY DEFAULT AS IDENTITY (
    SEQUENCE NAME public.auth_user_id_seq
    START WITH 1
    INCREMENT BY 1
    NO MINVALUE
    NO MAXVALUE
    CACHE 1
);


--
-- Name: auth_user_user_permissions; Type: TABLE; Schema: public; Owner: vicemilla
--

CREATE TABLE public.auth_user_user_permissions (
    id bigint NOT NULL,
    user_id integer NOT NULL,
    permission_id integer NOT NULL
);


ALTER TABLE public.auth_user_user_permissions OWNER TO vicemilla;

--
-- Name: auth_user_user_permissions_id_seq; Type: SEQUENCE; Schema: public; Owner: vicemilla
--

ALTER TABLE public.auth_user_user_permissions ALTER COLUMN id ADD GENERATED BY DEFAULT AS IDENTITY (
    SEQUENCE NAME public.auth_user_user_permissions_id_seq
    START WITH 1
    INCREMENT BY 1
    NO MINVALUE
    NO MAXVALUE
    CACHE 1
);


--
-- Name: django_admin_log; Type: TABLE; Schema: public; Owner: vicemilla
--

CREATE TABLE public.django_admin_log (
    id integer NOT NULL,
    action_time timestamp with time zone NOT NULL,
    object_id text,
    object_repr character varying(200) NOT NULL,
    action_flag smallint NOT NULL,
    change_message text NOT NULL,
    content_type_id integer,
    user_id integer NOT NULL,
    CONSTRAINT django_admin_log_action_flag_check CHECK ((action_flag >= 0))
);


ALTER TABLE public.django_admin_log OWNER TO vicemilla;

--
-- Name: django_admin_log_id_seq; Type: SEQUENCE; Schema: public; Owner: vicemilla
--

ALTER TABLE public.django_admin_log ALTER COLUMN id ADD GENERATED BY DEFAULT AS IDENTITY (
    SEQUENCE NAME public.django_admin_log_id_seq
    START WITH 1
    INCREMENT BY 1
    NO MINVALUE
    NO MAXVALUE
    CACHE 1
);


--
-- Name: django_content_type; Type: TABLE; Schema: public; Owner: vicemilla
--

CREATE TABLE public.django_content_type (
    id integer NOT NULL,
    app_label character varying(100) NOT NULL,
    model character varying(100) NOT NULL
);


ALTER TABLE public.django_content_type OWNER TO vicemilla;

--
-- Name: django_content_type_id_seq; Type: SEQUENCE; Schema: public; Owner: vicemilla
--

ALTER TABLE public.django_content_type ALTER COLUMN id ADD GENERATED BY DEFAULT AS IDENTITY (
    SEQUENCE NAME public.django_content_type_id_seq
    START WITH 1
    INCREMENT BY 1
    NO MINVALUE
    NO MAXVALUE
    CACHE 1
);


--
-- Name: django_migrations; Type: TABLE; Schema: public; Owner: vicemilla
--

CREATE TABLE public.django_migrations (
    id bigint NOT NULL,
    app character varying(255) NOT NULL,
    name character varying(255) NOT NULL,
    applied timestamp with time zone NOT NULL
);


ALTER TABLE public.django_migrations OWNER TO vicemilla;

--
-- Name: django_migrations_id_seq; Type: SEQUENCE; Schema: public; Owner: vicemilla
--

ALTER TABLE public.django_migrations ALTER COLUMN id ADD GENERATED BY DEFAULT AS IDENTITY (
    SEQUENCE NAME public.django_migrations_id_seq
    START WITH 1
    INCREMENT BY 1
    NO MINVALUE
    NO MAXVALUE
    CACHE 1
);


--
-- Name: django_session; Type: TABLE; Schema: public; Owner: vicemilla
--

CREATE TABLE public.django_session (
    session_key character varying(40) NOT NULL,
    session_data text NOT NULL,
    expire_date timestamp with time zone NOT NULL
);


ALTER TABLE public.django_session OWNER TO vicemilla;

--
-- Data for Name: GeoInsightApp_career; Type: TABLE DATA; Schema: public; Owner: vicemilla
--

COPY public."GeoInsightApp_career" (id, nombre, codigo, semester_id) FROM stdin;
1	Técnico Analista Programador	TAP001	1
2	Técnico en Mecánica y Electromovilidad Automotriz	ME	1
4	Administración Gastronómica	AGA	1
5	Construcción Civil	CC	1
6	Contabilidad General	47	1
7	Diseño Digital y Web	DDW	1
8	Gastronomía	GA	1
9	Ingeniería Agrícola	88	1
10	Ingeniería Eléctrica	IEL	1
11	Ingeniería en Administración de Empresas	IAD	1
12	Ingeniería en Energía	IEN	1
13	Ingeniería en Informática	IEI	1
14	Ingeniería en Mantenimiento Industrial	IMI	1
15	Ingeniería en Mecánica y Electromovilidad Automotriz	MI	1
16	Ingeniería en Telecomunicaciones, Conectividad y Redes	CT	1
17	Técnico Agrícola	TEA	1
18	Técnico en Automatización y Robótica	AR	1
19	Técnico en Construcción	TC	1
20	Técnico en Electricidad Industrial	TEI	1
21	Técnico en Energías Renovables	TER	1
22	Técnico en Logística	TL	1
23	Técnico en Mantenimiento Industrial	MMI	1
24	Técnico en Topografía y Geomática	TG	1
3	Administración de Empresas	AE	1
27	Carrera de prueba	código prueba	1
\.


--
-- Data for Name: GeoInsightApp_company; Type: TABLE DATA; Schema: public; Owner: vicemilla
--

COPY public."GeoInsightApp_company" (id, nombre, direccion, ubicacion) FROM stdin;
1	inacap	av mayo	0101000020E610000000000000003C93400000000000C05EC0
2	compañia x	aklwdnpj	0101000020E610000000000000300FFEC000000000000CC840
\.


--
-- Data for Name: GeoInsightApp_course; Type: TABLE DATA; Schema: public; Owner: vicemilla
--

COPY public."GeoInsightApp_course" (id, nombre, career_id, semester_id) FROM stdin;
1	Innovación y Emprendimiento I	1	1
11	Innovación y Emprendimiento I	4	1
12	Innovación y Emprendimiento III	4	1
13	Innovación y Emprendimiento I	5	1
14	Innovación y Emprendimiento II	5	1
15	Innovación y Emprendimiento III	5	1
16	Innovación y Emprendimiento I	6	1
17	Innovación y Emprendimiento I	7	1
18	Innovación y Emprendimiento I	8	1
19	Innovación y Emprendimiento I	9	1
20	Innovación y Emprendimiento III	9	1
21	Innovación y Emprendimiento I	10	1
22	Innovación y Emprendimiento II	10	1
23	Innovación y Emprendimiento II	11	1
24	Innovación y Emprendimiento III	11	1
25	Innovación y Emprendimiento I	12	1
26	Innovación y Emprendimiento III	12	1
27	Innovación y Emprendimiento I	13	1
28	Innovación y Emprendimiento III	13	1
29	Innovación y Emprendimiento I	14	1
30	Innovación y Emprendimiento II	14	1
31	Innovación y Emprendimiento III	14	1
32	Innovación y Emprendimiento I	15	1
33	Innovación y Emprendimiento II	15	1
34	Innovación y Emprendimiento III	15	1
35	Innovación y Emprendimiento I	16	1
36	Innovación y Emprendimiento III	16	1
37	Innovación y Emprendimiento I	17	1
38	Innovación y Emprendimiento I	18	1
39	Innovación y Emprendimiento I	19	1
40	Innovación y Emprendimiento I	20	1
41	Innovación y Emprendimiento I	21	1
42	Innovación y Emprendimiento I	22	1
43	Innovación y Emprendimiento I	23	1
44	Innovación y Emprendimiento I	15	1
45	Innovación y Emprendimiento I	24	1
46	Programación Orientada a Objetos Seguro	1	1
47	Programación Orientada a Objetos Seguro	13	1
48	Hardware y Software	13	1
49	Hardware y Software	1	1
50	FrontEnd	1	1
51	FrontEnd	13	1
52	Backend	13	1
53	Backend	1	1
10	Innovación y Emprendimiento I	3	1
57	Curso de prueba	27	1
\.


--
-- Data for Name: GeoInsightApp_evidence; Type: TABLE DATA; Schema: public; Owner: vicemilla
--

COPY public."GeoInsightApp_evidence" (id, foto, descripcion, tomado_en, estado, group_member_id, visita_id, en_geofence, ubicacion_foto, group_id) FROM stdin;
\.


--
-- Data for Name: GeoInsightApp_group; Type: TABLE DATA; Schema: public; Owner: vicemilla
--

COPY public."GeoInsightApp_group" (id, nombre, section_id) FROM stdin;
108	aaaa	39
109	eeee	39
94	Prueba	40
97	Prueba2	40
\.


--
-- Data for Name: GeoInsightApp_groupmember; Type: TABLE DATA; Schema: public; Owner: vicemilla
--

COPY public."GeoInsightApp_groupmember" (id, group_id, user_id) FROM stdin;
194	94	95
199	97	21
210	108	21
\.


--
-- Data for Name: GeoInsightApp_review; Type: TABLE DATA; Schema: public; Owner: vicemilla
--

COPY public."GeoInsightApp_review" (id, validado, comentarios, fecha_revision, docente_id, evidencia_id, rechazada) FROM stdin;
\.


--
-- Data for Name: GeoInsightApp_role; Type: TABLE DATA; Schema: public; Owner: vicemilla
--

COPY public."GeoInsightApp_role" (id, name) FROM stdin;
1	estudiante
2	docente
3	admin
4	supervisor_vcm
5	fg
\.


--
-- Data for Name: GeoInsightApp_section; Type: TABLE DATA; Schema: public; Owner: vicemilla
--

COPY public."GeoInsightApp_section" (id, nombre, course_id) FROM stdin;
40	Prueba Manual	57
41	seccionseccion	57
39	Sección de prueba	57
\.


--
-- Data for Name: GeoInsightApp_section_docentes; Type: TABLE DATA; Schema: public; Owner: vicemilla
--

COPY public."GeoInsightApp_section_docentes" (id, section_id, userprofile_id) FROM stdin;
32	39	22
34	39	23
35	39	86
41	39	89
42	40	89
44	41	86
45	40	18
\.


--
-- Data for Name: GeoInsightApp_section_estudiantes; Type: TABLE DATA; Schema: public; Owner: vicemilla
--

COPY public."GeoInsightApp_section_estudiantes" (id, section_id, userprofile_id) FROM stdin;
100	39	86
102	39	87
104	39	22
108	40	88
111	39	18
112	40	18
113	40	86
\.


--
-- Data for Name: GeoInsightApp_semester; Type: TABLE DATA; Schema: public; Owner: vicemilla
--

COPY public."GeoInsightApp_semester" (id, nombre, year_id) FROM stdin;
1	Primavera	1
2	Otoño	1
\.


--
-- Data for Name: GeoInsightApp_userprofile; Type: TABLE DATA; Schema: public; Owner: vicemilla
--

COPY public."GeoInsightApp_userprofile" (id, user_id, career_id, semester_id, email) FROM stdin;
18	21	27	1	jaziel.chapeta@inacapmail.cl
89	96	\N	\N	\N
88	95	27	1	prueba.manual@inacapmail.cl
86	93	27	1	10jxavte75@gmail.com
87	94	27	1	Prueba@inacapmail.cl
23	30	27	1	juan.contreras161@inacapmail.cl
22	29	27	1	jaime.castillo43@inacapmail.cl
\.


--
-- Data for Name: GeoInsightApp_userprofile_roles; Type: TABLE DATA; Schema: public; Owner: vicemilla
--

COPY public."GeoInsightApp_userprofile_roles" (id, userprofile_id, role_id) FROM stdin;
124	86	1
125	86	2
126	86	3
127	86	4
128	86	5
129	22	1
130	22	2
131	22	4
132	22	5
133	87	1
134	88	1
140	18	2
142	89	2
43	18	3
44	18	4
45	18	5
46	18	1
52	22	3
55	23	1
56	23	2
57	23	3
58	23	4
59	23	5
\.


--
-- Data for Name: GeoInsightApp_visit; Type: TABLE DATA; Schema: public; Owner: vicemilla
--

COPY public."GeoInsightApp_visit" (id, fecha_visita, nombre, descripcion, ubicacion, creado_por_id, geofence) FROM stdin;
45	2025-12-17 12:49:22.360125+00	empresa Inacap semana 4	Levantamiento de diagnóstico en la empresa	0101000020E6100000B4C876BE9F1652C0A2B437F8C2BC42C0	22	0103000020E610000001000000050000006DE7FBA9F11652C013F241CF66BD42C06DE7FBA9F11652C032772D211FBC42C0FCA9F1D24D1652C032772D211FBC42C0FCA9F1D24D1652C013F241CF66BD42C06DE7FBA9F11652C013F241CF66BD42C0
49	2025-12-24 02:30:26.133889+00	Visita Empresa Prueba semana 1	Realizar poligonal cerrada y toma de puntos con estación total en el predio asignado. Se requiere uso obligatorio de EPP completo.	0101000020E6100000182DF64DD0D551C00CC62D8B2EBC3EC0	89	0103000020E610000001000000050000006CE7FBA9F11652C013F241CF66BD42C06CE7FBA9F11652C031772D211FBC42C0FCA9F1D24D1652C031772D211FBC42C0FCA9F1D24D1652C013F241CF66BD42C06CE7FBA9F11652C013F241CF66BD42C0
50	2025-12-24 03:58:22.344865+00	Visita empresa x semana 2	Realizar poligonal cerrada y toma de puntos con estación total en el predio asignado. Se requiere uso obligatorio de EPP completo.	0101000020E610000086CB3B9C191552C023B0399DCEBE42C0	89	0103000020E61000000100000009000000ED9BB4D8261552C041BC1686C8BE42C058452939211552C077E57C36A6BE42C07C1F4CDD061552C0E6004F07A2BE42C042F3DDD5FF1452C09EFF6D26CCBE42C0AABA1C26091552C0BD2A6583E0BE42C04E96C18A0D1552C0CAEDA5A3FEBE42C03941B8AB261552C072915303FBBE42C044DED963311552C0C314236BE4BE42C0ED9BB4D8261552C041BC1686C8BE42C0
46	2025-12-17 12:56:43.337945+00	VISTA 2	PRUEBA	0101000020E6100000A47CF77DEE1652C0CEE15AED61BC42C0	22	0103000020E610000001000000050000006CE7FBA9F11652C013F241CF66BD42C06CE7FBA9F11652C031772D211FBC42C0FCA9F1D24D1652C031772D211FBC42C0FCA9F1D24D1652C013F241CF66BD42C06CE7FBA9F11652C013F241CF66BD42C0
47	2025-12-18 14:19:07.902905+00	Visita de prueba 1	Descripción de visita 1	0101000020E6100000A47CF77DEE1652C0CEE15AED61BC42C0	22	0103000020E610000001000000050000006CE7FBA9F11652C013F241CF66BD42C06CE7FBA9F11652C031772D211FBC42C0FCA9F1D24D1652C031772D211FBC42C0FCA9F1D24D1652C013F241CF66BD42C06CE7FBA9F11652C013F241CF66BD42C0
\.


--
-- Data for Name: GeoInsightApp_visit_sections; Type: TABLE DATA; Schema: public; Owner: vicemilla
--

COPY public."GeoInsightApp_visit_sections" (id, visit_id, section_id) FROM stdin;
49	47	39
50	45	39
52	49	40
53	50	40
\.


--
-- Data for Name: GeoInsightApp_year; Type: TABLE DATA; Schema: public; Owner: vicemilla
--

COPY public."GeoInsightApp_year" (id, nombre, fecha_inicio, fecha_fin) FROM stdin;
1	2025	\N	\N
\.


--
-- Data for Name: auth_group; Type: TABLE DATA; Schema: public; Owner: vicemilla
--

COPY public.auth_group (id, name) FROM stdin;
\.


--
-- Data for Name: auth_group_permissions; Type: TABLE DATA; Schema: public; Owner: vicemilla
--

COPY public.auth_group_permissions (id, group_id, permission_id) FROM stdin;
\.


--
-- Data for Name: auth_permission; Type: TABLE DATA; Schema: public; Owner: vicemilla
--

COPY public.auth_permission (id, name, content_type_id, codename) FROM stdin;
1	Can add log entry	1	add_logentry
2	Can change log entry	1	change_logentry
3	Can delete log entry	1	delete_logentry
4	Can view log entry	1	view_logentry
5	Can add permission	2	add_permission
6	Can change permission	2	change_permission
7	Can delete permission	2	delete_permission
8	Can view permission	2	view_permission
9	Can add group	3	add_group
10	Can change group	3	change_group
11	Can delete group	3	delete_group
12	Can view group	3	view_group
13	Can add user	4	add_user
14	Can change user	4	change_user
15	Can delete user	4	delete_user
16	Can view user	4	view_user
17	Can add content type	5	add_contenttype
18	Can change content type	5	change_contenttype
19	Can delete content type	5	delete_contenttype
20	Can view content type	5	view_contenttype
21	Can add session	6	add_session
22	Can change session	6	change_session
23	Can delete session	6	delete_session
24	Can view session	6	view_session
25	Can add career	7	add_career
26	Can change career	7	change_career
27	Can delete career	7	delete_career
28	Can view career	7	view_career
29	Can add company	8	add_company
30	Can change company	8	change_company
31	Can delete company	8	delete_company
32	Can view company	8	view_company
33	Can add course	9	add_course
34	Can change course	9	change_course
35	Can delete course	9	delete_course
36	Can view course	9	view_course
37	Can add evidence	10	add_evidence
38	Can change evidence	10	change_evidence
39	Can delete evidence	10	delete_evidence
40	Can view evidence	10	view_evidence
41	Can add group	11	add_group
42	Can change group	11	change_group
43	Can delete group	11	delete_group
44	Can view group	11	view_group
45	Can add user profile	12	add_userprofile
46	Can change user profile	12	change_userprofile
47	Can delete user profile	12	delete_userprofile
48	Can view user profile	12	view_userprofile
49	Can add year	13	add_year
50	Can change year	13	change_year
51	Can delete year	13	delete_year
52	Can view year	13	view_year
53	Can add visit	14	add_visit
54	Can change visit	14	change_visit
55	Can delete visit	14	delete_visit
56	Can view visit	14	view_visit
57	Can add semester	15	add_semester
58	Can change semester	15	change_semester
59	Can delete semester	15	delete_semester
60	Can view semester	15	view_semester
61	Can add section	16	add_section
62	Can change section	16	change_section
63	Can delete section	16	delete_section
64	Can view section	16	view_section
65	Can add review	17	add_review
66	Can change review	17	change_review
67	Can delete review	17	delete_review
68	Can view review	17	view_review
69	Can add group member	18	add_groupmember
70	Can change group member	18	change_groupmember
71	Can delete group member	18	delete_groupmember
72	Can view group member	18	view_groupmember
73	Can add role	19	add_role
74	Can change role	19	change_role
75	Can delete role	19	delete_role
76	Can view role	19	view_role
\.


--
-- Data for Name: auth_user; Type: TABLE DATA; Schema: public; Owner: vicemilla
--

COPY public.auth_user (id, password, last_login, is_superuser, username, first_name, last_name, email, is_staff, is_active, date_joined) FROM stdin;
29	pbkdf2_sha256$600000$5uFFue6qhD8ecxNnywBKru$jwyut96eS+WpxJE60SJ7qo9+H4nA2z0W2vpArdeH23Q=	\N	f	Jaime	Jaime	Castillo	jaime.castillo43@inacapmail.cl	f	t	2025-12-03 07:57:43.522609+00
93	pbkdf2_sha256$600000$hZGVuOS32gby72t8emJICO$KZ26tXBVgG2sHXA5im7Mbg3HuareTEiSMkjYyfPNJqY=	\N	t	vicemilla	Vice	Milla	10jxavte75@gmail.com	t	t	2025-12-17 19:58:33.865499+00
94	pbkdf2_sha256$600000$roGfYnZ9RNc5cLG5vwkfqG$xzeQyGYPuXc3KcrbZcSSQOsxpQ1rQVmeOyby25l5QRE=	\N	f	Prueba1	Nombre Prueba	Apellido Prueba	prueba@inacapmail.cl	f	t	2025-12-18 14:10:20.938177+00
30	pbkdf2_sha256$600000$VVAVwVyX18Fz5MsHlpAcWU$PNXcpWlchytLW4e8fnnWtzx0O8J46WFBkCd3cJxpvHA=	\N	f	Juan Contreras 161	Juan Pablo	Contreras Bustos	juan.contreras161@inacapmail.cl	f	t	2025-12-03 07:58:14.016121+00
21	pbkdf2_sha256$600000$Zwer6gS2tCNSevPHPq8IVh$U63M8Qi64pMqFRbXnj5y/e2tPEiRbHMs72SpmxOBacw=	\N	t	jaxdoc	Jaziel	Chapeta	jaziel.chapeta@inacapmail.cl	t	t	2025-12-02 22:38:30.751073+00
96	pbkdf2_sha256$600000$wHjx9XMvk2it5zQfjMxoGk$WfhyrMzo9JfrZgiKopuu906tHiNNXydnzWFtshUOJbY=	\N	f	DocentePrueba	Docente	Prueba	docente.prueba@inacapmail.cl	f	t	2025-12-23 23:09:29.52228+00
95	pbkdf2_sha256$600000$wrnavy8ukbRKLyN6C8JvfC$foka+CeTjNLcC1JHUf6R7cGOP9O2ifirnp+MvrzWszQ=	\N	f	joseph	Joseph	Marsol	prueba.manual@inacapmail.cl	f	t	2025-12-22 23:23:47.912404+00
\.


--
-- Data for Name: auth_user_groups; Type: TABLE DATA; Schema: public; Owner: vicemilla
--

COPY public.auth_user_groups (id, user_id, group_id) FROM stdin;
\.


--
-- Data for Name: auth_user_user_permissions; Type: TABLE DATA; Schema: public; Owner: vicemilla
--

COPY public.auth_user_user_permissions (id, user_id, permission_id) FROM stdin;
\.


--
-- Data for Name: django_admin_log; Type: TABLE DATA; Schema: public; Owner: vicemilla
--

COPY public.django_admin_log (id, action_time, object_id, object_repr, action_flag, change_message, content_type_id, user_id) FROM stdin;
\.


--
-- Data for Name: django_content_type; Type: TABLE DATA; Schema: public; Owner: vicemilla
--

COPY public.django_content_type (id, app_label, model) FROM stdin;
1	admin	logentry
2	auth	permission
3	auth	group
4	auth	user
5	contenttypes	contenttype
6	sessions	session
7	GeoInsightApp	career
8	GeoInsightApp	company
9	GeoInsightApp	course
10	GeoInsightApp	evidence
11	GeoInsightApp	group
12	GeoInsightApp	userprofile
13	GeoInsightApp	year
14	GeoInsightApp	visit
15	GeoInsightApp	semester
16	GeoInsightApp	section
17	GeoInsightApp	review
18	GeoInsightApp	groupmember
19	GeoInsightApp	role
\.


--
-- Data for Name: django_migrations; Type: TABLE DATA; Schema: public; Owner: vicemilla
--

COPY public.django_migrations (id, app, name, applied) FROM stdin;
1	contenttypes	0001_initial	2025-11-20 12:48:00.541103+00
2	auth	0001_initial	2025-11-20 12:48:00.581898+00
3	GeoInsightApp	0001_initial	2025-11-20 12:48:00.689125+00
4	GeoInsightApp	0002_evidence_en_geofence_evidence_ubicacion_foto_and_more	2025-11-20 12:48:00.708023+00
5	GeoInsightApp	0003_review_rechazada	2025-11-20 12:48:00.715391+00
6	GeoInsightApp	0004_visit_secciones_alter_userprofile_role	2025-11-20 12:48:00.745114+00
7	GeoInsightApp	0005_role_remove_userprofile_role_userprofile_career_and_more	2025-11-20 12:48:00.8024+00
8	GeoInsightApp	0006_create_roles	2025-11-20 12:48:00.821237+00
9	GeoInsightApp	0007_remove_userprofile_section_course_semester_and_more	2025-11-20 12:48:00.882601+00
10	GeoInsightApp	0008_remove_userprofile_sections_section_estudiantes	2025-11-20 12:48:00.912635+00
11	GeoInsightApp	0009_remove_visit_secciones_visit_section	2025-11-20 12:48:00.940256+00
12	GeoInsightApp	0010_remove_visit_section_visit_sections	2025-11-20 12:48:00.97417+00
13	GeoInsightApp	0011_userprofile_email	2025-11-20 12:48:00.987265+00
14	admin	0001_initial	2025-11-20 12:48:01.015853+00
15	admin	0002_logentry_remove_auto_add	2025-11-20 12:48:01.025089+00
16	admin	0003_logentry_add_action_flag_choices	2025-11-20 12:48:01.033293+00
17	contenttypes	0002_remove_content_type_name	2025-11-20 12:48:01.052464+00
18	auth	0002_alter_permission_name_max_length	2025-11-20 12:48:01.066987+00
19	auth	0003_alter_user_email_max_length	2025-11-20 12:48:01.074963+00
20	auth	0004_alter_user_username_opts	2025-11-20 12:48:01.083531+00
21	auth	0005_alter_user_last_login_null	2025-11-20 12:48:01.09359+00
22	auth	0006_require_contenttypes_0002	2025-11-20 12:48:01.097049+00
23	auth	0007_alter_validators_add_error_messages	2025-11-20 12:48:01.105144+00
24	auth	0008_alter_user_username_max_length	2025-11-20 12:48:01.116671+00
25	auth	0009_alter_user_last_name_max_length	2025-11-20 12:48:01.126269+00
26	auth	0010_alter_group_name_max_length	2025-11-20 12:48:01.143262+00
27	auth	0011_update_proxy_permissions	2025-11-20 12:48:01.162632+00
28	auth	0012_alter_user_first_name_max_length	2025-11-20 12:48:01.171698+00
29	sessions	0001_initial	2025-11-20 12:48:01.179204+00
\.


--
-- Data for Name: django_session; Type: TABLE DATA; Schema: public; Owner: vicemilla
--

COPY public.django_session (session_key, session_data, expire_date) FROM stdin;
41k6wubrj4nd65vdvm0xa0xznb5uj9ue	.eJxVjMsOwiAQRf-FtSEDKA-X7vsNZKYMUjWQlHZl_HfbpAvd3nPOfYuI61Li2nmOUxJXocTpdyMcn1x3kB5Y702OrS7zRHJX5EG7HFri1-1w_w4K9rLVEEBlh8oYB_4MGbIH5612RIEVWhWYDWlDVm0iXDiD0QbZ5kBsrRafL7MmNwE:1vMA8Z:3bX5rasdtu706xOnjFGSuWTEd1CDDa-Btap71usn-9g	2025-12-04 19:16:11.827132+00
\.


--
-- Data for Name: spatial_ref_sys; Type: TABLE DATA; Schema: public; Owner: vicemilla
--

COPY public.spatial_ref_sys (srid, auth_name, auth_srid, srtext, proj4text) FROM stdin;
\.


--
-- Name: GeoInsightApp_career_id_seq; Type: SEQUENCE SET; Schema: public; Owner: vicemilla
--

SELECT pg_catalog.setval('public."GeoInsightApp_career_id_seq"', 27, true);


--
-- Name: GeoInsightApp_company_id_seq; Type: SEQUENCE SET; Schema: public; Owner: vicemilla
--

SELECT pg_catalog.setval('public."GeoInsightApp_company_id_seq"', 2, true);


--
-- Name: GeoInsightApp_course_id_seq; Type: SEQUENCE SET; Schema: public; Owner: vicemilla
--

SELECT pg_catalog.setval('public."GeoInsightApp_course_id_seq"', 57, true);


--
-- Name: GeoInsightApp_evidence_id_seq; Type: SEQUENCE SET; Schema: public; Owner: vicemilla
--

SELECT pg_catalog.setval('public."GeoInsightApp_evidence_id_seq"', 39, true);


--
-- Name: GeoInsightApp_group_id_seq; Type: SEQUENCE SET; Schema: public; Owner: vicemilla
--

SELECT pg_catalog.setval('public."GeoInsightApp_group_id_seq"', 109, true);


--
-- Name: GeoInsightApp_groupmember_id_seq; Type: SEQUENCE SET; Schema: public; Owner: vicemilla
--

SELECT pg_catalog.setval('public."GeoInsightApp_groupmember_id_seq"', 210, true);


--
-- Name: GeoInsightApp_review_id_seq; Type: SEQUENCE SET; Schema: public; Owner: vicemilla
--

SELECT pg_catalog.setval('public."GeoInsightApp_review_id_seq"', 33, true);


--
-- Name: GeoInsightApp_role_id_seq; Type: SEQUENCE SET; Schema: public; Owner: vicemilla
--

SELECT pg_catalog.setval('public."GeoInsightApp_role_id_seq"', 5, true);


--
-- Name: GeoInsightApp_section_docentes_id_seq; Type: SEQUENCE SET; Schema: public; Owner: vicemilla
--

SELECT pg_catalog.setval('public."GeoInsightApp_section_docentes_id_seq"', 45, true);


--
-- Name: GeoInsightApp_section_estudiantes_id_seq; Type: SEQUENCE SET; Schema: public; Owner: vicemilla
--

SELECT pg_catalog.setval('public."GeoInsightApp_section_estudiantes_id_seq"', 113, true);


--
-- Name: GeoInsightApp_section_id_seq; Type: SEQUENCE SET; Schema: public; Owner: vicemilla
--

SELECT pg_catalog.setval('public."GeoInsightApp_section_id_seq"', 41, true);


--
-- Name: GeoInsightApp_semester_id_seq; Type: SEQUENCE SET; Schema: public; Owner: vicemilla
--

SELECT pg_catalog.setval('public."GeoInsightApp_semester_id_seq"', 18, true);


--
-- Name: GeoInsightApp_userprofile_id_seq; Type: SEQUENCE SET; Schema: public; Owner: vicemilla
--

SELECT pg_catalog.setval('public."GeoInsightApp_userprofile_id_seq"', 89, true);


--
-- Name: GeoInsightApp_userprofile_roles_id_seq; Type: SEQUENCE SET; Schema: public; Owner: vicemilla
--

SELECT pg_catalog.setval('public."GeoInsightApp_userprofile_roles_id_seq"', 142, true);


--
-- Name: GeoInsightApp_visit_id_seq; Type: SEQUENCE SET; Schema: public; Owner: vicemilla
--

SELECT pg_catalog.setval('public."GeoInsightApp_visit_id_seq"', 50, true);


--
-- Name: GeoInsightApp_visit_sections_id_seq; Type: SEQUENCE SET; Schema: public; Owner: vicemilla
--

SELECT pg_catalog.setval('public."GeoInsightApp_visit_sections_id_seq"', 53, true);


--
-- Name: GeoInsightApp_year_id_seq; Type: SEQUENCE SET; Schema: public; Owner: vicemilla
--

SELECT pg_catalog.setval('public."GeoInsightApp_year_id_seq"', 8, true);


--
-- Name: auth_group_id_seq; Type: SEQUENCE SET; Schema: public; Owner: vicemilla
--

SELECT pg_catalog.setval('public.auth_group_id_seq', 1, false);


--
-- Name: auth_group_permissions_id_seq; Type: SEQUENCE SET; Schema: public; Owner: vicemilla
--

SELECT pg_catalog.setval('public.auth_group_permissions_id_seq', 1, false);


--
-- Name: auth_permission_id_seq; Type: SEQUENCE SET; Schema: public; Owner: vicemilla
--

SELECT pg_catalog.setval('public.auth_permission_id_seq', 76, true);


--
-- Name: auth_user_groups_id_seq; Type: SEQUENCE SET; Schema: public; Owner: vicemilla
--

SELECT pg_catalog.setval('public.auth_user_groups_id_seq', 1, false);


--
-- Name: auth_user_id_seq; Type: SEQUENCE SET; Schema: public; Owner: vicemilla
--

SELECT pg_catalog.setval('public.auth_user_id_seq', 96, true);


--
-- Name: auth_user_user_permissions_id_seq; Type: SEQUENCE SET; Schema: public; Owner: vicemilla
--

SELECT pg_catalog.setval('public.auth_user_user_permissions_id_seq', 1, false);


--
-- Name: django_admin_log_id_seq; Type: SEQUENCE SET; Schema: public; Owner: vicemilla
--

SELECT pg_catalog.setval('public.django_admin_log_id_seq', 1, true);


--
-- Name: django_content_type_id_seq; Type: SEQUENCE SET; Schema: public; Owner: vicemilla
--

SELECT pg_catalog.setval('public.django_content_type_id_seq', 19, true);


--
-- Name: django_migrations_id_seq; Type: SEQUENCE SET; Schema: public; Owner: vicemilla
--

SELECT pg_catalog.setval('public.django_migrations_id_seq', 29, true);


--
-- Name: GeoInsightApp_career GeoInsightApp_career_codigo_key; Type: CONSTRAINT; Schema: public; Owner: vicemilla
--

ALTER TABLE ONLY public."GeoInsightApp_career"
    ADD CONSTRAINT "GeoInsightApp_career_codigo_key" UNIQUE (codigo);


--
-- Name: GeoInsightApp_career GeoInsightApp_career_pkey; Type: CONSTRAINT; Schema: public; Owner: vicemilla
--

ALTER TABLE ONLY public."GeoInsightApp_career"
    ADD CONSTRAINT "GeoInsightApp_career_pkey" PRIMARY KEY (id);


--
-- Name: GeoInsightApp_company GeoInsightApp_company_pkey; Type: CONSTRAINT; Schema: public; Owner: vicemilla
--

ALTER TABLE ONLY public."GeoInsightApp_company"
    ADD CONSTRAINT "GeoInsightApp_company_pkey" PRIMARY KEY (id);


--
-- Name: GeoInsightApp_course GeoInsightApp_course_pkey; Type: CONSTRAINT; Schema: public; Owner: vicemilla
--

ALTER TABLE ONLY public."GeoInsightApp_course"
    ADD CONSTRAINT "GeoInsightApp_course_pkey" PRIMARY KEY (id);


--
-- Name: GeoInsightApp_evidence GeoInsightApp_evidence_pkey; Type: CONSTRAINT; Schema: public; Owner: vicemilla
--

ALTER TABLE ONLY public."GeoInsightApp_evidence"
    ADD CONSTRAINT "GeoInsightApp_evidence_pkey" PRIMARY KEY (id);


--
-- Name: GeoInsightApp_group GeoInsightApp_group_pkey; Type: CONSTRAINT; Schema: public; Owner: vicemilla
--

ALTER TABLE ONLY public."GeoInsightApp_group"
    ADD CONSTRAINT "GeoInsightApp_group_pkey" PRIMARY KEY (id);


--
-- Name: GeoInsightApp_groupmember GeoInsightApp_groupmember_group_id_user_id_3d3cafa5_uniq; Type: CONSTRAINT; Schema: public; Owner: vicemilla
--

ALTER TABLE ONLY public."GeoInsightApp_groupmember"
    ADD CONSTRAINT "GeoInsightApp_groupmember_group_id_user_id_3d3cafa5_uniq" UNIQUE (group_id, user_id);


--
-- Name: GeoInsightApp_groupmember GeoInsightApp_groupmember_pkey; Type: CONSTRAINT; Schema: public; Owner: vicemilla
--

ALTER TABLE ONLY public."GeoInsightApp_groupmember"
    ADD CONSTRAINT "GeoInsightApp_groupmember_pkey" PRIMARY KEY (id);


--
-- Name: GeoInsightApp_review GeoInsightApp_review_evidencia_id_key; Type: CONSTRAINT; Schema: public; Owner: vicemilla
--

ALTER TABLE ONLY public."GeoInsightApp_review"
    ADD CONSTRAINT "GeoInsightApp_review_evidencia_id_key" UNIQUE (evidencia_id);


--
-- Name: GeoInsightApp_review GeoInsightApp_review_pkey; Type: CONSTRAINT; Schema: public; Owner: vicemilla
--

ALTER TABLE ONLY public."GeoInsightApp_review"
    ADD CONSTRAINT "GeoInsightApp_review_pkey" PRIMARY KEY (id);


--
-- Name: GeoInsightApp_role GeoInsightApp_role_name_key; Type: CONSTRAINT; Schema: public; Owner: vicemilla
--

ALTER TABLE ONLY public."GeoInsightApp_role"
    ADD CONSTRAINT "GeoInsightApp_role_name_key" UNIQUE (name);


--
-- Name: GeoInsightApp_role GeoInsightApp_role_pkey; Type: CONSTRAINT; Schema: public; Owner: vicemilla
--

ALTER TABLE ONLY public."GeoInsightApp_role"
    ADD CONSTRAINT "GeoInsightApp_role_pkey" PRIMARY KEY (id);


--
-- Name: GeoInsightApp_section_docentes GeoInsightApp_section_do_section_id_userprofile_i_727dff05_uniq; Type: CONSTRAINT; Schema: public; Owner: vicemilla
--

ALTER TABLE ONLY public."GeoInsightApp_section_docentes"
    ADD CONSTRAINT "GeoInsightApp_section_do_section_id_userprofile_i_727dff05_uniq" UNIQUE (section_id, userprofile_id);


--
-- Name: GeoInsightApp_section_docentes GeoInsightApp_section_docentes_pkey; Type: CONSTRAINT; Schema: public; Owner: vicemilla
--

ALTER TABLE ONLY public."GeoInsightApp_section_docentes"
    ADD CONSTRAINT "GeoInsightApp_section_docentes_pkey" PRIMARY KEY (id);


--
-- Name: GeoInsightApp_section_estudiantes GeoInsightApp_section_es_section_id_userprofile_i_9fe46ba8_uniq; Type: CONSTRAINT; Schema: public; Owner: vicemilla
--

ALTER TABLE ONLY public."GeoInsightApp_section_estudiantes"
    ADD CONSTRAINT "GeoInsightApp_section_es_section_id_userprofile_i_9fe46ba8_uniq" UNIQUE (section_id, userprofile_id);


--
-- Name: GeoInsightApp_section_estudiantes GeoInsightApp_section_estudiantes_pkey; Type: CONSTRAINT; Schema: public; Owner: vicemilla
--

ALTER TABLE ONLY public."GeoInsightApp_section_estudiantes"
    ADD CONSTRAINT "GeoInsightApp_section_estudiantes_pkey" PRIMARY KEY (id);


--
-- Name: GeoInsightApp_section GeoInsightApp_section_pkey; Type: CONSTRAINT; Schema: public; Owner: vicemilla
--

ALTER TABLE ONLY public."GeoInsightApp_section"
    ADD CONSTRAINT "GeoInsightApp_section_pkey" PRIMARY KEY (id);


--
-- Name: GeoInsightApp_semester GeoInsightApp_semester_pkey; Type: CONSTRAINT; Schema: public; Owner: vicemilla
--

ALTER TABLE ONLY public."GeoInsightApp_semester"
    ADD CONSTRAINT "GeoInsightApp_semester_pkey" PRIMARY KEY (id);


--
-- Name: GeoInsightApp_userprofile_roles GeoInsightApp_userprofil_userprofile_id_role_id_5288bc2c_uniq; Type: CONSTRAINT; Schema: public; Owner: vicemilla
--

ALTER TABLE ONLY public."GeoInsightApp_userprofile_roles"
    ADD CONSTRAINT "GeoInsightApp_userprofil_userprofile_id_role_id_5288bc2c_uniq" UNIQUE (userprofile_id, role_id);


--
-- Name: GeoInsightApp_userprofile GeoInsightApp_userprofile_email_key; Type: CONSTRAINT; Schema: public; Owner: vicemilla
--

ALTER TABLE ONLY public."GeoInsightApp_userprofile"
    ADD CONSTRAINT "GeoInsightApp_userprofile_email_key" UNIQUE (email);


--
-- Name: GeoInsightApp_userprofile GeoInsightApp_userprofile_pkey; Type: CONSTRAINT; Schema: public; Owner: vicemilla
--

ALTER TABLE ONLY public."GeoInsightApp_userprofile"
    ADD CONSTRAINT "GeoInsightApp_userprofile_pkey" PRIMARY KEY (id);


--
-- Name: GeoInsightApp_userprofile_roles GeoInsightApp_userprofile_roles_pkey; Type: CONSTRAINT; Schema: public; Owner: vicemilla
--

ALTER TABLE ONLY public."GeoInsightApp_userprofile_roles"
    ADD CONSTRAINT "GeoInsightApp_userprofile_roles_pkey" PRIMARY KEY (id);


--
-- Name: GeoInsightApp_userprofile GeoInsightApp_userprofile_user_id_key; Type: CONSTRAINT; Schema: public; Owner: vicemilla
--

ALTER TABLE ONLY public."GeoInsightApp_userprofile"
    ADD CONSTRAINT "GeoInsightApp_userprofile_user_id_key" UNIQUE (user_id);


--
-- Name: GeoInsightApp_visit GeoInsightApp_visit_pkey; Type: CONSTRAINT; Schema: public; Owner: vicemilla
--

ALTER TABLE ONLY public."GeoInsightApp_visit"
    ADD CONSTRAINT "GeoInsightApp_visit_pkey" PRIMARY KEY (id);


--
-- Name: GeoInsightApp_visit_sections GeoInsightApp_visit_sections_pkey; Type: CONSTRAINT; Schema: public; Owner: vicemilla
--

ALTER TABLE ONLY public."GeoInsightApp_visit_sections"
    ADD CONSTRAINT "GeoInsightApp_visit_sections_pkey" PRIMARY KEY (id);


--
-- Name: GeoInsightApp_visit_sections GeoInsightApp_visit_sections_visit_id_section_id_074dc760_uniq; Type: CONSTRAINT; Schema: public; Owner: vicemilla
--

ALTER TABLE ONLY public."GeoInsightApp_visit_sections"
    ADD CONSTRAINT "GeoInsightApp_visit_sections_visit_id_section_id_074dc760_uniq" UNIQUE (visit_id, section_id);


--
-- Name: GeoInsightApp_year GeoInsightApp_year_nombre_key; Type: CONSTRAINT; Schema: public; Owner: vicemilla
--

ALTER TABLE ONLY public."GeoInsightApp_year"
    ADD CONSTRAINT "GeoInsightApp_year_nombre_key" UNIQUE (nombre);


--
-- Name: GeoInsightApp_year GeoInsightApp_year_pkey; Type: CONSTRAINT; Schema: public; Owner: vicemilla
--

ALTER TABLE ONLY public."GeoInsightApp_year"
    ADD CONSTRAINT "GeoInsightApp_year_pkey" PRIMARY KEY (id);


--
-- Name: auth_group auth_group_name_key; Type: CONSTRAINT; Schema: public; Owner: vicemilla
--

ALTER TABLE ONLY public.auth_group
    ADD CONSTRAINT auth_group_name_key UNIQUE (name);


--
-- Name: auth_group_permissions auth_group_permissions_group_id_permission_id_0cd325b0_uniq; Type: CONSTRAINT; Schema: public; Owner: vicemilla
--

ALTER TABLE ONLY public.auth_group_permissions
    ADD CONSTRAINT auth_group_permissions_group_id_permission_id_0cd325b0_uniq UNIQUE (group_id, permission_id);


--
-- Name: auth_group_permissions auth_group_permissions_pkey; Type: CONSTRAINT; Schema: public; Owner: vicemilla
--

ALTER TABLE ONLY public.auth_group_permissions
    ADD CONSTRAINT auth_group_permissions_pkey PRIMARY KEY (id);


--
-- Name: auth_group auth_group_pkey; Type: CONSTRAINT; Schema: public; Owner: vicemilla
--

ALTER TABLE ONLY public.auth_group
    ADD CONSTRAINT auth_group_pkey PRIMARY KEY (id);


--
-- Name: auth_permission auth_permission_content_type_id_codename_01ab375a_uniq; Type: CONSTRAINT; Schema: public; Owner: vicemilla
--

ALTER TABLE ONLY public.auth_permission
    ADD CONSTRAINT auth_permission_content_type_id_codename_01ab375a_uniq UNIQUE (content_type_id, codename);


--
-- Name: auth_permission auth_permission_pkey; Type: CONSTRAINT; Schema: public; Owner: vicemilla
--

ALTER TABLE ONLY public.auth_permission
    ADD CONSTRAINT auth_permission_pkey PRIMARY KEY (id);


--
-- Name: auth_user_groups auth_user_groups_pkey; Type: CONSTRAINT; Schema: public; Owner: vicemilla
--

ALTER TABLE ONLY public.auth_user_groups
    ADD CONSTRAINT auth_user_groups_pkey PRIMARY KEY (id);


--
-- Name: auth_user_groups auth_user_groups_user_id_group_id_94350c0c_uniq; Type: CONSTRAINT; Schema: public; Owner: vicemilla
--

ALTER TABLE ONLY public.auth_user_groups
    ADD CONSTRAINT auth_user_groups_user_id_group_id_94350c0c_uniq UNIQUE (user_id, group_id);


--
-- Name: auth_user auth_user_pkey; Type: CONSTRAINT; Schema: public; Owner: vicemilla
--

ALTER TABLE ONLY public.auth_user
    ADD CONSTRAINT auth_user_pkey PRIMARY KEY (id);


--
-- Name: auth_user_user_permissions auth_user_user_permissions_pkey; Type: CONSTRAINT; Schema: public; Owner: vicemilla
--

ALTER TABLE ONLY public.auth_user_user_permissions
    ADD CONSTRAINT auth_user_user_permissions_pkey PRIMARY KEY (id);


--
-- Name: auth_user_user_permissions auth_user_user_permissions_user_id_permission_id_14a6b632_uniq; Type: CONSTRAINT; Schema: public; Owner: vicemilla
--

ALTER TABLE ONLY public.auth_user_user_permissions
    ADD CONSTRAINT auth_user_user_permissions_user_id_permission_id_14a6b632_uniq UNIQUE (user_id, permission_id);


--
-- Name: auth_user auth_user_username_key; Type: CONSTRAINT; Schema: public; Owner: vicemilla
--

ALTER TABLE ONLY public.auth_user
    ADD CONSTRAINT auth_user_username_key UNIQUE (username);


--
-- Name: django_admin_log django_admin_log_pkey; Type: CONSTRAINT; Schema: public; Owner: vicemilla
--

ALTER TABLE ONLY public.django_admin_log
    ADD CONSTRAINT django_admin_log_pkey PRIMARY KEY (id);


--
-- Name: django_content_type django_content_type_app_label_model_76bd3d3b_uniq; Type: CONSTRAINT; Schema: public; Owner: vicemilla
--

ALTER TABLE ONLY public.django_content_type
    ADD CONSTRAINT django_content_type_app_label_model_76bd3d3b_uniq UNIQUE (app_label, model);


--
-- Name: django_content_type django_content_type_pkey; Type: CONSTRAINT; Schema: public; Owner: vicemilla
--

ALTER TABLE ONLY public.django_content_type
    ADD CONSTRAINT django_content_type_pkey PRIMARY KEY (id);


--
-- Name: django_migrations django_migrations_pkey; Type: CONSTRAINT; Schema: public; Owner: vicemilla
--

ALTER TABLE ONLY public.django_migrations
    ADD CONSTRAINT django_migrations_pkey PRIMARY KEY (id);


--
-- Name: django_session django_session_pkey; Type: CONSTRAINT; Schema: public; Owner: vicemilla
--

ALTER TABLE ONLY public.django_session
    ADD CONSTRAINT django_session_pkey PRIMARY KEY (session_key);


--
-- Name: GeoInsightApp_career_codigo_b7c3d7e3_like; Type: INDEX; Schema: public; Owner: vicemilla
--

CREATE INDEX "GeoInsightApp_career_codigo_b7c3d7e3_like" ON public."GeoInsightApp_career" USING btree (codigo varchar_pattern_ops);


--
-- Name: GeoInsightApp_career_semester_id_518539b4; Type: INDEX; Schema: public; Owner: vicemilla
--

CREATE INDEX "GeoInsightApp_career_semester_id_518539b4" ON public."GeoInsightApp_career" USING btree (semester_id);


--
-- Name: GeoInsightApp_company_ubicacion_f68096fe_id; Type: INDEX; Schema: public; Owner: vicemilla
--

CREATE INDEX "GeoInsightApp_company_ubicacion_f68096fe_id" ON public."GeoInsightApp_company" USING gist (ubicacion);


--
-- Name: GeoInsightApp_course_career_id_5e9170c5; Type: INDEX; Schema: public; Owner: vicemilla
--

CREATE INDEX "GeoInsightApp_course_career_id_5e9170c5" ON public."GeoInsightApp_course" USING btree (career_id);


--
-- Name: GeoInsightApp_course_semester_id_e97a1f63; Type: INDEX; Schema: public; Owner: vicemilla
--

CREATE INDEX "GeoInsightApp_course_semester_id_e97a1f63" ON public."GeoInsightApp_course" USING btree (semester_id);


--
-- Name: GeoInsightApp_evidence_group_member_id_c6e1281d; Type: INDEX; Schema: public; Owner: vicemilla
--

CREATE INDEX "GeoInsightApp_evidence_group_member_id_c6e1281d" ON public."GeoInsightApp_evidence" USING btree (group_member_id);


--
-- Name: GeoInsightApp_evidence_ubicacion_foto_7e5a3ca4_id; Type: INDEX; Schema: public; Owner: vicemilla
--

CREATE INDEX "GeoInsightApp_evidence_ubicacion_foto_7e5a3ca4_id" ON public."GeoInsightApp_evidence" USING gist (ubicacion_foto);


--
-- Name: GeoInsightApp_evidence_visita_id_4440244f; Type: INDEX; Schema: public; Owner: vicemilla
--

CREATE INDEX "GeoInsightApp_evidence_visita_id_4440244f" ON public."GeoInsightApp_evidence" USING btree (visita_id);


--
-- Name: GeoInsightApp_group_section_id_084d462c; Type: INDEX; Schema: public; Owner: vicemilla
--

CREATE INDEX "GeoInsightApp_group_section_id_084d462c" ON public."GeoInsightApp_group" USING btree (section_id);


--
-- Name: GeoInsightApp_groupmember_group_id_1ac1822f; Type: INDEX; Schema: public; Owner: vicemilla
--

CREATE INDEX "GeoInsightApp_groupmember_group_id_1ac1822f" ON public."GeoInsightApp_groupmember" USING btree (group_id);


--
-- Name: GeoInsightApp_groupmember_user_id_900be072; Type: INDEX; Schema: public; Owner: vicemilla
--

CREATE INDEX "GeoInsightApp_groupmember_user_id_900be072" ON public."GeoInsightApp_groupmember" USING btree (user_id);


--
-- Name: GeoInsightApp_review_docente_id_3ff5d83f; Type: INDEX; Schema: public; Owner: vicemilla
--

CREATE INDEX "GeoInsightApp_review_docente_id_3ff5d83f" ON public."GeoInsightApp_review" USING btree (docente_id);


--
-- Name: GeoInsightApp_role_name_4587aa83_like; Type: INDEX; Schema: public; Owner: vicemilla
--

CREATE INDEX "GeoInsightApp_role_name_4587aa83_like" ON public."GeoInsightApp_role" USING btree (name varchar_pattern_ops);


--
-- Name: GeoInsightApp_section_course_id_59a914d6; Type: INDEX; Schema: public; Owner: vicemilla
--

CREATE INDEX "GeoInsightApp_section_course_id_59a914d6" ON public."GeoInsightApp_section" USING btree (course_id);


--
-- Name: GeoInsightApp_section_docentes_section_id_4685f3c1; Type: INDEX; Schema: public; Owner: vicemilla
--

CREATE INDEX "GeoInsightApp_section_docentes_section_id_4685f3c1" ON public."GeoInsightApp_section_docentes" USING btree (section_id);


--
-- Name: GeoInsightApp_section_docentes_userprofile_id_4a65c82d; Type: INDEX; Schema: public; Owner: vicemilla
--

CREATE INDEX "GeoInsightApp_section_docentes_userprofile_id_4a65c82d" ON public."GeoInsightApp_section_docentes" USING btree (userprofile_id);


--
-- Name: GeoInsightApp_section_estudiantes_section_id_78f1cad4; Type: INDEX; Schema: public; Owner: vicemilla
--

CREATE INDEX "GeoInsightApp_section_estudiantes_section_id_78f1cad4" ON public."GeoInsightApp_section_estudiantes" USING btree (section_id);


--
-- Name: GeoInsightApp_section_estudiantes_userprofile_id_970e11c7; Type: INDEX; Schema: public; Owner: vicemilla
--

CREATE INDEX "GeoInsightApp_section_estudiantes_userprofile_id_970e11c7" ON public."GeoInsightApp_section_estudiantes" USING btree (userprofile_id);


--
-- Name: GeoInsightApp_semester_year_id_1d3e65db; Type: INDEX; Schema: public; Owner: vicemilla
--

CREATE INDEX "GeoInsightApp_semester_year_id_1d3e65db" ON public."GeoInsightApp_semester" USING btree (year_id);


--
-- Name: GeoInsightApp_userprofile_career_id_7d311c4d; Type: INDEX; Schema: public; Owner: vicemilla
--

CREATE INDEX "GeoInsightApp_userprofile_career_id_7d311c4d" ON public."GeoInsightApp_userprofile" USING btree (career_id);


--
-- Name: GeoInsightApp_userprofile_email_bb7a9093_like; Type: INDEX; Schema: public; Owner: vicemilla
--

CREATE INDEX "GeoInsightApp_userprofile_email_bb7a9093_like" ON public."GeoInsightApp_userprofile" USING btree (email varchar_pattern_ops);


--
-- Name: GeoInsightApp_userprofile_roles_role_id_43d3a954; Type: INDEX; Schema: public; Owner: vicemilla
--

CREATE INDEX "GeoInsightApp_userprofile_roles_role_id_43d3a954" ON public."GeoInsightApp_userprofile_roles" USING btree (role_id);


--
-- Name: GeoInsightApp_userprofile_roles_userprofile_id_9ddc1505; Type: INDEX; Schema: public; Owner: vicemilla
--

CREATE INDEX "GeoInsightApp_userprofile_roles_userprofile_id_9ddc1505" ON public."GeoInsightApp_userprofile_roles" USING btree (userprofile_id);


--
-- Name: GeoInsightApp_userprofile_semester_id_3f798fb1; Type: INDEX; Schema: public; Owner: vicemilla
--

CREATE INDEX "GeoInsightApp_userprofile_semester_id_3f798fb1" ON public."GeoInsightApp_userprofile" USING btree (semester_id);


--
-- Name: GeoInsightApp_visit_creado_por_id_cbc3d363; Type: INDEX; Schema: public; Owner: vicemilla
--

CREATE INDEX "GeoInsightApp_visit_creado_por_id_cbc3d363" ON public."GeoInsightApp_visit" USING btree (creado_por_id);


--
-- Name: GeoInsightApp_visit_geofence_4b14c85f_id; Type: INDEX; Schema: public; Owner: vicemilla
--

CREATE INDEX "GeoInsightApp_visit_geofence_4b14c85f_id" ON public."GeoInsightApp_visit" USING gist (geofence);


--
-- Name: GeoInsightApp_visit_sections_section_id_c721b37b; Type: INDEX; Schema: public; Owner: vicemilla
--

CREATE INDEX "GeoInsightApp_visit_sections_section_id_c721b37b" ON public."GeoInsightApp_visit_sections" USING btree (section_id);


--
-- Name: GeoInsightApp_visit_sections_visit_id_ec159b17; Type: INDEX; Schema: public; Owner: vicemilla
--

CREATE INDEX "GeoInsightApp_visit_sections_visit_id_ec159b17" ON public."GeoInsightApp_visit_sections" USING btree (visit_id);


--
-- Name: GeoInsightApp_visit_ubicacion_c3ad6deb_id; Type: INDEX; Schema: public; Owner: vicemilla
--

CREATE INDEX "GeoInsightApp_visit_ubicacion_c3ad6deb_id" ON public."GeoInsightApp_visit" USING gist (ubicacion);


--
-- Name: GeoInsightApp_year_nombre_e3bf5f0f_like; Type: INDEX; Schema: public; Owner: vicemilla
--

CREATE INDEX "GeoInsightApp_year_nombre_e3bf5f0f_like" ON public."GeoInsightApp_year" USING btree (nombre varchar_pattern_ops);


--
-- Name: auth_group_name_a6ea08ec_like; Type: INDEX; Schema: public; Owner: vicemilla
--

CREATE INDEX auth_group_name_a6ea08ec_like ON public.auth_group USING btree (name varchar_pattern_ops);


--
-- Name: auth_group_permissions_group_id_b120cbf9; Type: INDEX; Schema: public; Owner: vicemilla
--

CREATE INDEX auth_group_permissions_group_id_b120cbf9 ON public.auth_group_permissions USING btree (group_id);


--
-- Name: auth_group_permissions_permission_id_84c5c92e; Type: INDEX; Schema: public; Owner: vicemilla
--

CREATE INDEX auth_group_permissions_permission_id_84c5c92e ON public.auth_group_permissions USING btree (permission_id);


--
-- Name: auth_permission_content_type_id_2f476e4b; Type: INDEX; Schema: public; Owner: vicemilla
--

CREATE INDEX auth_permission_content_type_id_2f476e4b ON public.auth_permission USING btree (content_type_id);


--
-- Name: auth_user_groups_group_id_97559544; Type: INDEX; Schema: public; Owner: vicemilla
--

CREATE INDEX auth_user_groups_group_id_97559544 ON public.auth_user_groups USING btree (group_id);


--
-- Name: auth_user_groups_user_id_6a12ed8b; Type: INDEX; Schema: public; Owner: vicemilla
--

CREATE INDEX auth_user_groups_user_id_6a12ed8b ON public.auth_user_groups USING btree (user_id);


--
-- Name: auth_user_user_permissions_permission_id_1fbb5f2c; Type: INDEX; Schema: public; Owner: vicemilla
--

CREATE INDEX auth_user_user_permissions_permission_id_1fbb5f2c ON public.auth_user_user_permissions USING btree (permission_id);


--
-- Name: auth_user_user_permissions_user_id_a95ead1b; Type: INDEX; Schema: public; Owner: vicemilla
--

CREATE INDEX auth_user_user_permissions_user_id_a95ead1b ON public.auth_user_user_permissions USING btree (user_id);


--
-- Name: auth_user_username_6821ab7c_like; Type: INDEX; Schema: public; Owner: vicemilla
--

CREATE INDEX auth_user_username_6821ab7c_like ON public.auth_user USING btree (username varchar_pattern_ops);


--
-- Name: django_admin_log_content_type_id_c4bce8eb; Type: INDEX; Schema: public; Owner: vicemilla
--

CREATE INDEX django_admin_log_content_type_id_c4bce8eb ON public.django_admin_log USING btree (content_type_id);


--
-- Name: django_admin_log_user_id_c564eba6; Type: INDEX; Schema: public; Owner: vicemilla
--

CREATE INDEX django_admin_log_user_id_c564eba6 ON public.django_admin_log USING btree (user_id);


--
-- Name: django_session_expire_date_a5c62663; Type: INDEX; Schema: public; Owner: vicemilla
--

CREATE INDEX django_session_expire_date_a5c62663 ON public.django_session USING btree (expire_date);


--
-- Name: django_session_session_key_c0390e0f_like; Type: INDEX; Schema: public; Owner: vicemilla
--

CREATE INDEX django_session_session_key_c0390e0f_like ON public.django_session USING btree (session_key varchar_pattern_ops);


--
-- Name: GeoInsightApp_career GeoInsightApp_career_semester_id_518539b4_fk_GeoInsigh; Type: FK CONSTRAINT; Schema: public; Owner: vicemilla
--

ALTER TABLE ONLY public."GeoInsightApp_career"
    ADD CONSTRAINT "GeoInsightApp_career_semester_id_518539b4_fk_GeoInsigh" FOREIGN KEY (semester_id) REFERENCES public."GeoInsightApp_semester"(id) DEFERRABLE INITIALLY DEFERRED;


--
-- Name: GeoInsightApp_course GeoInsightApp_course_career_id_5e9170c5_fk_GeoInsigh; Type: FK CONSTRAINT; Schema: public; Owner: vicemilla
--

ALTER TABLE ONLY public."GeoInsightApp_course"
    ADD CONSTRAINT "GeoInsightApp_course_career_id_5e9170c5_fk_GeoInsigh" FOREIGN KEY (career_id) REFERENCES public."GeoInsightApp_career"(id) DEFERRABLE INITIALLY DEFERRED;


--
-- Name: GeoInsightApp_course GeoInsightApp_course_semester_id_e97a1f63_fk_GeoInsigh; Type: FK CONSTRAINT; Schema: public; Owner: vicemilla
--

ALTER TABLE ONLY public."GeoInsightApp_course"
    ADD CONSTRAINT "GeoInsightApp_course_semester_id_e97a1f63_fk_GeoInsigh" FOREIGN KEY (semester_id) REFERENCES public."GeoInsightApp_semester"(id) DEFERRABLE INITIALLY DEFERRED;


--
-- Name: GeoInsightApp_evidence GeoInsightApp_eviden_group_member_id_c6e1281d_fk_GeoInsigh; Type: FK CONSTRAINT; Schema: public; Owner: vicemilla
--

ALTER TABLE ONLY public."GeoInsightApp_evidence"
    ADD CONSTRAINT "GeoInsightApp_eviden_group_member_id_c6e1281d_fk_GeoInsigh" FOREIGN KEY (group_member_id) REFERENCES public."GeoInsightApp_groupmember"(id) DEFERRABLE INITIALLY DEFERRED;


--
-- Name: GeoInsightApp_evidence GeoInsightApp_eviden_visita_id_4440244f_fk_GeoInsigh; Type: FK CONSTRAINT; Schema: public; Owner: vicemilla
--

ALTER TABLE ONLY public."GeoInsightApp_evidence"
    ADD CONSTRAINT "GeoInsightApp_eviden_visita_id_4440244f_fk_GeoInsigh" FOREIGN KEY (visita_id) REFERENCES public."GeoInsightApp_visit"(id) DEFERRABLE INITIALLY DEFERRED;


--
-- Name: GeoInsightApp_group GeoInsightApp_group_section_id_084d462c_fk_GeoInsigh; Type: FK CONSTRAINT; Schema: public; Owner: vicemilla
--

ALTER TABLE ONLY public."GeoInsightApp_group"
    ADD CONSTRAINT "GeoInsightApp_group_section_id_084d462c_fk_GeoInsigh" FOREIGN KEY (section_id) REFERENCES public."GeoInsightApp_section"(id) DEFERRABLE INITIALLY DEFERRED;


--
-- Name: GeoInsightApp_groupmember GeoInsightApp_groupmember_group_id_fkey; Type: FK CONSTRAINT; Schema: public; Owner: vicemilla
--

ALTER TABLE ONLY public."GeoInsightApp_groupmember"
    ADD CONSTRAINT "GeoInsightApp_groupmember_group_id_fkey" FOREIGN KEY (group_id) REFERENCES public."GeoInsightApp_group"(id) ON DELETE CASCADE;


--
-- Name: GeoInsightApp_groupmember GeoInsightApp_groupmember_user_id_fk; Type: FK CONSTRAINT; Schema: public; Owner: vicemilla
--

ALTER TABLE ONLY public."GeoInsightApp_groupmember"
    ADD CONSTRAINT "GeoInsightApp_groupmember_user_id_fk" FOREIGN KEY (user_id) REFERENCES public.auth_user(id) ON DELETE CASCADE;


--
-- Name: GeoInsightApp_review GeoInsightApp_review_docente_id_3ff5d83f_fk_GeoInsigh; Type: FK CONSTRAINT; Schema: public; Owner: vicemilla
--

ALTER TABLE ONLY public."GeoInsightApp_review"
    ADD CONSTRAINT "GeoInsightApp_review_docente_id_3ff5d83f_fk_GeoInsigh" FOREIGN KEY (docente_id) REFERENCES public."GeoInsightApp_userprofile"(id) DEFERRABLE INITIALLY DEFERRED;


--
-- Name: GeoInsightApp_review GeoInsightApp_review_evidencia_id_ff20cbff_fk_GeoInsigh; Type: FK CONSTRAINT; Schema: public; Owner: vicemilla
--

ALTER TABLE ONLY public."GeoInsightApp_review"
    ADD CONSTRAINT "GeoInsightApp_review_evidencia_id_ff20cbff_fk_GeoInsigh" FOREIGN KEY (evidencia_id) REFERENCES public."GeoInsightApp_evidence"(id) DEFERRABLE INITIALLY DEFERRED;


--
-- Name: GeoInsightApp_section GeoInsightApp_sectio_course_id_59a914d6_fk_GeoInsigh; Type: FK CONSTRAINT; Schema: public; Owner: vicemilla
--

ALTER TABLE ONLY public."GeoInsightApp_section"
    ADD CONSTRAINT "GeoInsightApp_sectio_course_id_59a914d6_fk_GeoInsigh" FOREIGN KEY (course_id) REFERENCES public."GeoInsightApp_course"(id) DEFERRABLE INITIALLY DEFERRED;


--
-- Name: GeoInsightApp_section_docentes GeoInsightApp_sectio_section_id_4685f3c1_fk_GeoInsigh; Type: FK CONSTRAINT; Schema: public; Owner: vicemilla
--

ALTER TABLE ONLY public."GeoInsightApp_section_docentes"
    ADD CONSTRAINT "GeoInsightApp_sectio_section_id_4685f3c1_fk_GeoInsigh" FOREIGN KEY (section_id) REFERENCES public."GeoInsightApp_section"(id) DEFERRABLE INITIALLY DEFERRED;


--
-- Name: GeoInsightApp_section_estudiantes GeoInsightApp_sectio_section_id_78f1cad4_fk_GeoInsigh; Type: FK CONSTRAINT; Schema: public; Owner: vicemilla
--

ALTER TABLE ONLY public."GeoInsightApp_section_estudiantes"
    ADD CONSTRAINT "GeoInsightApp_sectio_section_id_78f1cad4_fk_GeoInsigh" FOREIGN KEY (section_id) REFERENCES public."GeoInsightApp_section"(id) DEFERRABLE INITIALLY DEFERRED;


--
-- Name: GeoInsightApp_section_docentes GeoInsightApp_section_docentes_userprofile_id_fk; Type: FK CONSTRAINT; Schema: public; Owner: vicemilla
--

ALTER TABLE ONLY public."GeoInsightApp_section_docentes"
    ADD CONSTRAINT "GeoInsightApp_section_docentes_userprofile_id_fk" FOREIGN KEY (userprofile_id) REFERENCES public."GeoInsightApp_userprofile"(id) ON DELETE CASCADE;


--
-- Name: GeoInsightApp_section_estudiantes GeoInsightApp_section_estudiantes_userprofile_id_fk; Type: FK CONSTRAINT; Schema: public; Owner: vicemilla
--

ALTER TABLE ONLY public."GeoInsightApp_section_estudiantes"
    ADD CONSTRAINT "GeoInsightApp_section_estudiantes_userprofile_id_fk" FOREIGN KEY (userprofile_id) REFERENCES public."GeoInsightApp_userprofile"(id) ON DELETE CASCADE;


--
-- Name: GeoInsightApp_semester GeoInsightApp_semest_year_id_1d3e65db_fk_GeoInsigh; Type: FK CONSTRAINT; Schema: public; Owner: vicemilla
--

ALTER TABLE ONLY public."GeoInsightApp_semester"
    ADD CONSTRAINT "GeoInsightApp_semest_year_id_1d3e65db_fk_GeoInsigh" FOREIGN KEY (year_id) REFERENCES public."GeoInsightApp_year"(id) DEFERRABLE INITIALLY DEFERRED;


--
-- Name: GeoInsightApp_userprofile GeoInsightApp_userpr_career_id_7d311c4d_fk_GeoInsigh; Type: FK CONSTRAINT; Schema: public; Owner: vicemilla
--

ALTER TABLE ONLY public."GeoInsightApp_userprofile"
    ADD CONSTRAINT "GeoInsightApp_userpr_career_id_7d311c4d_fk_GeoInsigh" FOREIGN KEY (career_id) REFERENCES public."GeoInsightApp_career"(id) DEFERRABLE INITIALLY DEFERRED;


--
-- Name: GeoInsightApp_userprofile_roles GeoInsightApp_userpr_role_id_43d3a954_fk_GeoInsigh; Type: FK CONSTRAINT; Schema: public; Owner: vicemilla
--

ALTER TABLE ONLY public."GeoInsightApp_userprofile_roles"
    ADD CONSTRAINT "GeoInsightApp_userpr_role_id_43d3a954_fk_GeoInsigh" FOREIGN KEY (role_id) REFERENCES public."GeoInsightApp_role"(id) DEFERRABLE INITIALLY DEFERRED;


--
-- Name: GeoInsightApp_userprofile GeoInsightApp_userpr_semester_id_3f798fb1_fk_GeoInsigh; Type: FK CONSTRAINT; Schema: public; Owner: vicemilla
--

ALTER TABLE ONLY public."GeoInsightApp_userprofile"
    ADD CONSTRAINT "GeoInsightApp_userpr_semester_id_3f798fb1_fk_GeoInsigh" FOREIGN KEY (semester_id) REFERENCES public."GeoInsightApp_semester"(id) DEFERRABLE INITIALLY DEFERRED;


--
-- Name: GeoInsightApp_userprofile_roles GeoInsightApp_userprofile_roles_profile_id_fk; Type: FK CONSTRAINT; Schema: public; Owner: vicemilla
--

ALTER TABLE ONLY public."GeoInsightApp_userprofile_roles"
    ADD CONSTRAINT "GeoInsightApp_userprofile_roles_profile_id_fk" FOREIGN KEY (userprofile_id) REFERENCES public."GeoInsightApp_userprofile"(id) ON DELETE CASCADE;


--
-- Name: GeoInsightApp_userprofile GeoInsightApp_userprofile_user_id_fk; Type: FK CONSTRAINT; Schema: public; Owner: vicemilla
--

ALTER TABLE ONLY public."GeoInsightApp_userprofile"
    ADD CONSTRAINT "GeoInsightApp_userprofile_user_id_fk" FOREIGN KEY (user_id) REFERENCES public.auth_user(id) ON DELETE CASCADE;


--
-- Name: GeoInsightApp_visit_sections GeoInsightApp_visit__section_id_c721b37b_fk_GeoInsigh; Type: FK CONSTRAINT; Schema: public; Owner: vicemilla
--

ALTER TABLE ONLY public."GeoInsightApp_visit_sections"
    ADD CONSTRAINT "GeoInsightApp_visit__section_id_c721b37b_fk_GeoInsigh" FOREIGN KEY (section_id) REFERENCES public."GeoInsightApp_section"(id) DEFERRABLE INITIALLY DEFERRED;


--
-- Name: GeoInsightApp_visit_sections GeoInsightApp_visit__visit_id_ec159b17_fk_GeoInsigh; Type: FK CONSTRAINT; Schema: public; Owner: vicemilla
--

ALTER TABLE ONLY public."GeoInsightApp_visit_sections"
    ADD CONSTRAINT "GeoInsightApp_visit__visit_id_ec159b17_fk_GeoInsigh" FOREIGN KEY (visit_id) REFERENCES public."GeoInsightApp_visit"(id) DEFERRABLE INITIALLY DEFERRED;


--
-- Name: GeoInsightApp_visit GeoInsightApp_visit_creado_por_id_cbc3d363_fk_GeoInsigh; Type: FK CONSTRAINT; Schema: public; Owner: vicemilla
--

ALTER TABLE ONLY public."GeoInsightApp_visit"
    ADD CONSTRAINT "GeoInsightApp_visit_creado_por_id_cbc3d363_fk_GeoInsigh" FOREIGN KEY (creado_por_id) REFERENCES public."GeoInsightApp_userprofile"(id) DEFERRABLE INITIALLY DEFERRED;


--
-- Name: auth_group_permissions auth_group_permissio_permission_id_84c5c92e_fk_auth_perm; Type: FK CONSTRAINT; Schema: public; Owner: vicemilla
--

ALTER TABLE ONLY public.auth_group_permissions
    ADD CONSTRAINT auth_group_permissio_permission_id_84c5c92e_fk_auth_perm FOREIGN KEY (permission_id) REFERENCES public.auth_permission(id) DEFERRABLE INITIALLY DEFERRED;


--
-- Name: auth_group_permissions auth_group_permissions_group_id_b120cbf9_fk_auth_group_id; Type: FK CONSTRAINT; Schema: public; Owner: vicemilla
--

ALTER TABLE ONLY public.auth_group_permissions
    ADD CONSTRAINT auth_group_permissions_group_id_b120cbf9_fk_auth_group_id FOREIGN KEY (group_id) REFERENCES public.auth_group(id) DEFERRABLE INITIALLY DEFERRED;


--
-- Name: auth_permission auth_permission_content_type_id_2f476e4b_fk_django_co; Type: FK CONSTRAINT; Schema: public; Owner: vicemilla
--

ALTER TABLE ONLY public.auth_permission
    ADD CONSTRAINT auth_permission_content_type_id_2f476e4b_fk_django_co FOREIGN KEY (content_type_id) REFERENCES public.django_content_type(id) DEFERRABLE INITIALLY DEFERRED;


--
-- Name: auth_user_groups auth_user_groups_group_id_97559544_fk_auth_group_id; Type: FK CONSTRAINT; Schema: public; Owner: vicemilla
--

ALTER TABLE ONLY public.auth_user_groups
    ADD CONSTRAINT auth_user_groups_group_id_97559544_fk_auth_group_id FOREIGN KEY (group_id) REFERENCES public.auth_group(id) DEFERRABLE INITIALLY DEFERRED;


--
-- Name: auth_user_groups auth_user_groups_user_id_6a12ed8b_fk_auth_user_id; Type: FK CONSTRAINT; Schema: public; Owner: vicemilla
--

ALTER TABLE ONLY public.auth_user_groups
    ADD CONSTRAINT auth_user_groups_user_id_6a12ed8b_fk_auth_user_id FOREIGN KEY (user_id) REFERENCES public.auth_user(id) DEFERRABLE INITIALLY DEFERRED;


--
-- Name: auth_user_user_permissions auth_user_user_permi_permission_id_1fbb5f2c_fk_auth_perm; Type: FK CONSTRAINT; Schema: public; Owner: vicemilla
--

ALTER TABLE ONLY public.auth_user_user_permissions
    ADD CONSTRAINT auth_user_user_permi_permission_id_1fbb5f2c_fk_auth_perm FOREIGN KEY (permission_id) REFERENCES public.auth_permission(id) DEFERRABLE INITIALLY DEFERRED;


--
-- Name: auth_user_user_permissions auth_user_user_permissions_user_id_a95ead1b_fk_auth_user_id; Type: FK CONSTRAINT; Schema: public; Owner: vicemilla
--

ALTER TABLE ONLY public.auth_user_user_permissions
    ADD CONSTRAINT auth_user_user_permissions_user_id_a95ead1b_fk_auth_user_id FOREIGN KEY (user_id) REFERENCES public.auth_user(id) DEFERRABLE INITIALLY DEFERRED;


--
-- Name: django_admin_log django_admin_log_content_type_id_c4bce8eb_fk_django_co; Type: FK CONSTRAINT; Schema: public; Owner: vicemilla
--

ALTER TABLE ONLY public.django_admin_log
    ADD CONSTRAINT django_admin_log_content_type_id_c4bce8eb_fk_django_co FOREIGN KEY (content_type_id) REFERENCES public.django_content_type(id) DEFERRABLE INITIALLY DEFERRED;


--
-- Name: django_admin_log django_admin_log_user_id_fk; Type: FK CONSTRAINT; Schema: public; Owner: vicemilla
--

ALTER TABLE ONLY public.django_admin_log
    ADD CONSTRAINT django_admin_log_user_id_fk FOREIGN KEY (user_id) REFERENCES public.auth_user(id) ON DELETE CASCADE;


--
-- Name: GeoInsightApp_evidence geoinsightapp_evidence_group_id_fkey; Type: FK CONSTRAINT; Schema: public; Owner: vicemilla
--

ALTER TABLE ONLY public."GeoInsightApp_evidence"
    ADD CONSTRAINT geoinsightapp_evidence_group_id_fkey FOREIGN KEY (group_id) REFERENCES public."GeoInsightApp_group"(id) ON DELETE CASCADE;


--
-- Name: GeoInsightApp_review geoinsightapp_review_evidencia_id_fkey; Type: FK CONSTRAINT; Schema: public; Owner: vicemilla
--

ALTER TABLE ONLY public."GeoInsightApp_review"
    ADD CONSTRAINT geoinsightapp_review_evidencia_id_fkey FOREIGN KEY (evidencia_id) REFERENCES public."GeoInsightApp_evidence"(id) ON DELETE CASCADE;


--
-- PostgreSQL database dump complete
--

\unrestrict TIzO2b7zTregy9GWjZJJHSvpimkXyisxxj3NVhvpDzaxhZdfhEPKMdNmVSX5vCt

